{"loss": [3.471735954284668], "accuracy": [0.11639030277729034]}